symbol,t0,src,delta_s,entry,rA,rB,exit_B,volgrp
US.NVDA,2026-08-05 22:15:19,ringlog,0,222.0095,-0.8897,-1.0147,SL,
US.NVDA,2026-08-05 22:15:19,ringlog,10,221.9145,-0.7907,-0.9158,SL,
US.NVDA,2026-08-05 22:15:19,ringlog,30,221.8545,-0.7282,-0.8533,SL,
US.NVDA,2026-08-05 22:15:19,ringlog,60,221.8045,-0.6762,-0.8012,SL,
US.NVDA,2026-08-05 22:15:19,ringlog,120,221.4646,-0.3221,-0.4471,SL,
US.NVDA,2026-08-05 22:15:19,ringlog,180,221.7401,-0.6091,-0.7341,SL,
US.NVDA,2026-08-05 22:15:19,ringlog,300,221.3646,-0.2179,-0.3429,SL,
US.NVDA,2026-08-05 22:15:19,ringlog,600,221.7915,-0.6626,-0.7877,SL,
HK.00100,2026-08-06 13:15:48,ringlog,0,293.753,0.8825,0.8825,EOD,
HK.00100,2026-08-06 13:15:48,ringlog,10,294.3529,0.7825,0.7825,EOD,
HK.00100,2026-08-06 13:15:48,ringlog,30,294.1529,0.8158,0.8158,EOD,
HK.00100,2026-08-06 13:15:48,ringlog,60,294.7528,0.7158,0.7158,EOD,
HK.00100,2026-08-06 13:15:48,ringlog,120,296.1526,0.4825,0.4825,EOD,
HK.00100,2026-08-06 13:15:48,ringlog,180,297.1524,0.3159,0.3159,EOD,
HK.00100,2026-08-06 13:15:48,ringlog,300,294.9528,0.6825,0.6825,EOD,
HK.00100,2026-08-06 13:15:48,ringlog,600,297.1524,0.3159,0.3159,EOD,
HK.00100,2026-08-07 09:51:29,ringlog,0,320.3487,5.7335,4.7691,TP,
HK.00100,2026-08-07 09:51:29,ringlog,30,320.7487,5.6621,4.6977,TP,
HK.00100,2026-08-07 09:51:29,ringlog,60,324.5481,4.9836,4.0192,TP,
HK.00100,2026-08-07 09:51:29,ringlog,120,325.9478,4.7337,3.7692,TP,
HK.00100,2026-08-07 09:51:29,ringlog,180,328.9474,4.198,3.2336,TP,
HK.00100,2026-08-07 09:51:29,ringlog,300,327.5476,4.448,3.4836,TP,
HK.00100,2026-08-07 09:51:29,ringlog,600,335.5463,3.0197,2.0552,TP,
HK.03308,2026-08-28 10:09:42,shadow,0,1089.8256,-0.1652,-0.4652,SL,
HK.03308,2026-08-28 10:09:42,shadow,10,1089.8256,-0.1652,-0.4652,SL,
HK.03308,2026-08-28 10:09:42,shadow,30,1087.8259,0.0348,-0.2652,SL,
HK.03308,2026-08-28 10:09:42,shadow,60,1084.8264,0.3348,0.0347,SL,
HK.03308,2026-08-28 10:09:42,shadow,120,1092.8251,-0.4651,-0.7652,SL,
HK.03308,2026-08-28 10:09:42,shadow,180,1080.827,0.7347,0.4347,SL,
HK.03308,2026-08-28 10:09:42,shadow,300,1084.8264,0.3348,0.0347,SL,
HK.03308,2026-08-28 10:09:42,shadow,600,1080.827,0.7347,0.4347,SL,
HK.03690,2026-08-31 10:56:36,shadow,0,77.4874,-1.2861,-1.2861,SL,
HK.03690,2026-08-31 10:56:36,shadow,30,77.5124,-1.2147,-1.2147,SL,
HK.03690,2026-08-31 10:56:36,shadow,60,77.4874,-1.2861,-1.2861,SL,
HK.03690,2026-08-31 10:56:36,shadow,120,77.4624,-1.3575,-1.3575,SL,
HK.03690,2026-08-31 10:56:36,shadow,180,77.3124,-1.7862,-1.7862,SL,
HK.03690,2026-08-31 10:56:36,shadow,300,77.4124,-1.5004,-1.5004,SL,
HK.03690,2026-08-31 10:56:36,shadow,600,77.3124,-1.7862,-1.7862,SL,
HK.00100,2026-09-03 11:25:10,shadow,0,360.9422,-0.9424,-1.4425,SL,
HK.00100,2026-09-03 11:25:10,shadow,10,361.1422,-1.0424,-1.5425,SL,
HK.00100,2026-09-03 11:25:10,shadow,30,361.5421,-1.2424,-1.7424,SL,
HK.00100,2026-09-03 11:25:10,shadow,60,361.5421,-1.2424,-1.7424,SL,
HK.00100,2026-09-03 11:25:10,shadow,120,363.7418,-2.3422,-2.8423,SL,
HK.00100,2026-09-03 11:25:10,shadow,180,363.5418,-2.2422,-2.7423,SL,
HK.00100,2026-09-03 11:25:10,shadow,300,362.542,-1.7423,-2.2424,SL,
HK.00100,2026-09-03 11:25:10,shadow,600,360.3423,-0.6424,-1.1425,SL,
HK.03690,2026-09-04 10:22:53,shadow,0,80.5871,0.1895,-0.8107,SL,
HK.03690,2026-09-04 10:22:53,shadow,10,80.6121,0.127,-0.8731,SL,
HK.03690,2026-09-04 10:22:53,shadow,30,80.6121,0.127,-0.8731,SL,
HK.03690,2026-09-04 10:22:53,shadow,60,80.6371,0.0645,-0.9356,SL,
HK.03690,2026-09-04 10:22:53,shadow,120,80.6371,0.0645,-0.9356,SL,
HK.03690,2026-09-04 10:22:53,shadow,180,80.6871,-0.0605,-1.0606,SL,
HK.03690,2026-09-04 10:22:53,shadow,300,80.6371,0.0645,-0.9356,SL,
HK.03690,2026-09-04 10:22:53,shadow,600,81.337,-1.6852,-2.6854,SL,
HK.00100,2026-09-04 10:44:32,shadow,0,389.1377,-0.787,-0.9635,SL,
HK.00100,2026-09-04 10:44:32,shadow,10,389.1377,-0.787,-0.9635,SL,
HK.00100,2026-09-04 10:44:32,shadow,30,387.9379,-0.4341,-0.6106,SL,
HK.00100,2026-09-04 10:44:32,shadow,60,387.738,-0.3753,-0.5518,SL,
HK.00100,2026-09-04 10:44:32,shadow,120,390.3375,-1.1399,-1.3164,SL,
HK.00100,2026-09-04 10:44:32,shadow,180,391.1374,-1.3752,-1.5517,SL,
HK.00100,2026-09-04 10:44:32,shadow,300,390.5375,-1.1987,-1.3752,SL,
HK.00100,2026-09-04 10:44:32,shadow,600,388.0579,-0.4694,-0.6459,SL,
HK.06869,2026-09-04 11:07:19,shadow,0,160.6257,1.5512,-2.3482,SL,
HK.06869,2026-09-04 11:07:19,shadow,30,160.6257,1.5512,-2.3482,SL,
HK.06869,2026-09-04 11:07:19,shadow,60,161.0258,1.9512,-1.9482,SL,
HK.06869,2026-09-04 11:07:19,shadow,120,161.2258,2.1512,-1.7481,SL,
HK.06869,2026-09-04 11:07:19,shadow,180,160.9257,1.8512,-2.0482,SL,
HK.06869,2026-09-04 11:07:19,shadow,300,160.5257,1.4511,-2.4482,SL,
HK.06869,2026-09-04 11:07:19,shadow,600,161.0258,1.9512,-1.9482,SL,
HK.00100,2026-09-07 10:02:18,shadow,0,386.1382,-0.8871,-0.637,SL,
HK.00100,2026-09-07 10:02:18,shadow,10,386.1382,-0.8871,-0.637,SL,
HK.00100,2026-09-07 10:02:18,shadow,30,385.7383,-0.8246,-0.5746,SL,
HK.00100,2026-09-07 10:02:18,shadow,60,385.1384,-0.7309,-0.4808,SL,
HK.00100,2026-09-07 10:02:18,shadow,120,384.5385,-0.6371,-0.3871,SL,
HK.00100,2026-09-07 10:02:18,shadow,180,385.5383,-0.7934,-0.5433,SL,
HK.00100,2026-09-07 10:02:18,shadow,300,386.7381,-0.9808,-0.7308,SL,
HK.00100,2026-09-07 10:02:18,shadow,600,383.5386,-0.4809,-0.2309,SL,
HK.03308,2026-09-07 10:11:37,shadow,0,1104.8232,1.0355,-0.6648,SL,
HK.03308,2026-09-07 10:11:37,shadow,30,1105.823,0.9355,-0.7647,SL,
HK.03308,2026-09-07 10:11:37,shadow,60,1107.8227,0.7356,-0.9647,SL,
HK.03308,2026-09-07 10:11:37,shadow,120,1111.8221,0.3356,-1.3646,SL,
HK.03308,2026-09-07 10:11:37,shadow,180,1107.8227,0.7356,-0.9647,SL,
HK.03308,2026-09-07 10:11:37,shadow,300,1108.8226,0.6356,-1.0647,SL,
HK.03308,2026-09-07 10:11:37,shadow,600,1112.8219,0.2356,-1.4646,SL,
HK.01888,2026-09-07 10:52:28,shadow,0,47.2524,-0.3244,-1.2246,SL,
HK.01888,2026-09-07 10:52:28,shadow,10,47.2524,-0.3244,-1.2246,SL,
HK.01888,2026-09-07 10:52:28,shadow,30,47.2524,-0.3244,-1.2246,SL,
HK.01888,2026-09-07 10:52:28,shadow,60,47.2524,-0.3244,-1.2246,SL,
HK.01888,2026-09-07 10:52:28,shadow,120,47.1525,0.1755,-0.7247,SL,
HK.01888,2026-09-07 10:52:28,shadow,180,46.9925,0.9753,0.0752,SL,
HK.01888,2026-09-07 10:52:28,shadow,300,47.0925,0.4754,-0.4247,SL,
HK.01888,2026-09-07 10:52:28,shadow,600,46.8325,1.7752,0.8751,SL,
HK.03308,2026-09-07 11:06:31,shadow,0,1124.82,-0.5156,2.0403,EOD,
HK.03308,2026-09-07 11:06:31,shadow,10,1124.82,-0.5156,2.0403,EOD,
HK.03308,2026-09-07 11:06:31,shadow,30,1124.82,-0.5156,2.0403,EOD,
HK.03308,2026-09-07 11:06:31,shadow,60,1122.8203,-0.2935,2.2625,EOD,
HK.03308,2026-09-07 11:06:31,shadow,120,1118.821,0.1509,2.7069,EOD,
HK.03308,2026-09-07 11:06:31,shadow,180,1120.8206,-0.0713,2.4847,EOD,
HK.03308,2026-09-07 11:06:31,shadow,300,1124.82,-0.5156,2.0403,EOD,
HK.03308,2026-09-07 11:06:31,shadow,600,1122.8203,-0.2935,2.2625,EOD,
HK.00068,2026-09-07 11:14:23,shadow,0,12.1381,-0.7159,-0.9083,SL,
HK.00068,2026-09-07 11:14:23,shadow,10,12.1381,-0.7159,-0.9083,SL,
HK.00068,2026-09-07 11:14:23,shadow,30,12.1381,-0.7159,-0.9083,SL,
HK.00068,2026-09-07 11:14:23,shadow,60,12.1481,-0.7544,-0.9467,SL,
HK.00068,2026-09-07 11:14:23,shadow,120,12.1281,-0.6775,-0.8698,SL,
HK.00068,2026-09-07 11:14:23,shadow,180,12.1281,-0.6775,-0.8698,SL,
HK.00068,2026-09-07 11:14:23,shadow,300,12.1181,-0.639,-0.8314,SL,
HK.00068,2026-09-07 11:14:23,shadow,600,12.1481,-0.7544,-0.9467,SL,
HK.02899,2026-09-09 11:21:40,shadow,0,37.474,-2.8006,-1.467,SL,
HK.02899,2026-09-09 11:21:40,shadow,10,37.474,-2.8006,-1.467,SL,
HK.02899,2026-09-09 11:21:40,shadow,30,37.494,-3.1339,-1.8003,SL,
HK.02899,2026-09-09 11:21:40,shadow,60,37.434,-2.134,-0.8005,SL,
HK.02899,2026-09-09 11:21:40,shadow,120,37.474,-2.8006,-1.467,SL,
HK.02899,2026-09-09 11:21:40,shadow,180,37.494,-3.1339,-1.8003,SL,
HK.02899,2026-09-09 11:21:40,shadow,300,37.414,-1.8007,-0.4672,SL,
HK.02899,2026-09-09 11:21:40,shadow,600,37.414,-1.8007,-0.4672,SL,
HK.01888,2026-09-10 10:30:17,shadow,0,49.952,0.212,-1.0082,SL,
HK.01888,2026-09-10 10:30:17,shadow,10,49.952,0.212,-1.0082,SL,
HK.01888,2026-09-10 10:30:17,shadow,30,49.892,0.332,-0.8882,SL,
HK.01888,2026-09-10 10:30:17,shadow,60,49.812,0.492,-0.7282,SL,
HK.01888,2026-09-10 10:30:17,shadow,120,49.872,0.372,-0.8482,SL,
HK.01888,2026-09-10 10:30:17,shadow,180,49.6721,0.7719,-0.4483,SL,
HK.01888,2026-09-10 10:30:17,shadow,300,49.972,0.172,-1.0482,SL,
HK.01888,2026-09-10 10:30:17,shadow,600,50.5419,-0.9678,-2.188,SL,
US.SOXL,2026-09-10 22:33:14,shadow,0,117.3583,0.3208,0.939,EOD,
US.SOXL,2026-09-10 22:33:14,shadow,10,117.3583,0.3208,0.939,EOD,
US.SOXL,2026-09-10 22:33:14,shadow,30,117.0363,0.5685,1.1867,EOD,
US.SOXL,2026-09-10 22:33:14,shadow,60,117.2312,0.4185,1.0367,EOD,
US.SOXL,2026-09-10 22:33:14,shadow,120,117.7724,0.0023,0.6205,EOD,
US.SOXL,2026-09-10 22:33:14,shadow,180,118.0711,-0.2275,0.3907,EOD,
US.SOXL,2026-09-10 22:33:14,shadow,300,118.901,-0.8659,-0.2477,EOD,
US.SOXL,2026-09-10 22:33:14,shadow,600,117.8255,-0.0386,0.5796,EOD,
US.AMD,2026-09-10 22:33:30,shadow,0,508.0187,0.4621,0.199,EOD,
US.AMD,2026-09-10 22:33:30,shadow,30,507.9187,0.5055,0.2424,EOD,
US.AMD,2026-09-10 22:33:30,shadow,60,508.6636,0.1817,-0.0814,EOD,
US.AMD,2026-09-10 22:33:30,shadow,120,509.3085,-0.0987,-0.3618,EOD,
US.AMD,2026-09-10 22:33:30,shadow,180,509.2085,-0.0552,-0.3183,EOD,
US.AMD,2026-09-10 22:33:30,shadow,300,510.3283,-0.5421,-0.8052,EOD,
US.AMD,2026-09-10 22:33:30,shadow,600,509.5185,-0.19,-0.4531,EOD,
US.SNDK,2026-09-10 22:34:49,shadow,0,1703.7324,-0.5556,-0.249,EOD,
US.SNDK,2026-09-10 22:34:49,shadow,10,1703.7324,-0.5556,-0.249,EOD,
US.SNDK,2026-09-10 22:34:49,shadow,30,1707.6067,-0.7595,-0.4529,EOD,
US.SNDK,2026-09-10 22:34:49,shadow,60,1709.9464,-0.8827,-0.576,EOD,
US.SNDK,2026-09-10 22:34:49,shadow,120,1708.1167,-0.7864,-0.4797,EOD,
US.SNDK,2026-09-10 22:34:49,shadow,180,1706.9069,-0.7227,-0.4161,EOD,
US.SNDK,2026-09-10 22:34:49,shadow,300,1702.5625,-0.494,-0.1874,EOD,
US.SNDK,2026-09-10 22:34:49,shadow,600,1696.5385,-0.177,0.1296,EOD,
US.SNDK,2026-09-10 22:56:51,shadow,0,1693.2959,-0.8995,-0.9877,SL,
US.SNDK,2026-09-10 22:56:51,shadow,10,1692.7508,-0.9986,-1.0868,SL,
US.SNDK,2026-09-10 22:56:51,shadow,30,1692.2807,-1.0841,-1.1723,SL,
US.SNDK,2026-09-10 22:56:51,shadow,60,1693.4609,-0.8695,-0.9577,SL,
US.SNDK,2026-09-10 22:56:51,shadow,120,1692.3457,-1.0723,-1.1604,SL,
US.SNDK,2026-09-10 22:56:51,shadow,180,1692.6458,-1.0177,-1.1059,SL,
US.SNDK,2026-09-10 22:56:51,shadow,300,1695.6673,-0.4684,-0.5565,SL,
US.SNDK,2026-09-10 22:56:51,shadow,600,1700.262,0.367,0.2789,SL,
US.SKHY,2026-09-10 23:16:08,shadow,0,191.2294,-0.4989,-0.6989,SL,
US.SKHY,2026-09-10 23:16:08,shadow,30,191.2344,-0.5039,-0.7039,SL,
US.SKHY,2026-09-10 23:16:08,shadow,60,191.4694,-0.7388,-0.9389,SL,
US.SKHY,2026-09-10 23:16:08,shadow,120,191.0194,-0.2889,-0.489,SL,
US.SKHY,2026-09-10 23:16:08,shadow,180,190.6895,0.041,-0.159,SL,
US.SKHY,2026-09-10 23:16:08,shadow,300,190.7195,0.011,-0.189,SL,
US.SKHY,2026-09-10 23:16:08,shadow,600,190.7745,-0.044,2.7565,TP,
US.BE,2026-09-11 22:52:04,shadow,0,271.7435,-0.5231,-0.8929,SL,
US.BE,2026-09-11 22:52:04,shadow,30,271.7235,-0.5295,-0.8992,SL,
US.BE,2026-09-11 22:52:04,shadow,60,271.6985,-0.5374,-0.9072,SL,
US.BE,2026-09-11 22:52:04,shadow,120,270.8793,-0.7974,-1.1672,SL,
US.BE,2026-09-11 22:52:04,shadow,180,270.4833,-0.9232,-1.293,SL,
US.BE,2026-09-11 22:52:04,shadow,300,271.7235,-0.5295,-0.8992,SL,
US.BE,2026-09-11 22:52:04,shadow,600,273.7488,0.1135,-0.2563,SL,
US.TQQQ,2026-09-11 22:54:53,shadow,0,70.868,-0.2836,-0.9664,SL,
US.TQQQ,2026-09-11 22:54:53,shadow,10,70.868,-0.2836,-0.9664,SL,
US.TQQQ,2026-09-11 22:54:53,shadow,30,70.7563,-0.6826,-1.3653,SL,
US.TQQQ,2026-09-11 22:54:53,shadow,60,70.7513,-0.7005,-1.3832,SL,
US.TQQQ,2026-09-11 22:54:53,shadow,120,70.7713,-0.629,-1.3118,SL,
US.TQQQ,2026-09-11 22:54:53,shadow,180,70.8763,-0.254,-0.9367,SL,
US.TQQQ,2026-09-11 22:54:53,shadow,300,70.9113,-0.1289,-0.8117,SL,
US.TQQQ,2026-09-11 22:54:53,shadow,600,71.0764,0.4604,-0.2223,SL,
US.AAPL,2026-09-11 23:00:53,shadow,0,335.3263,-1.3247,-1.082,SL,
US.AAPL,2026-09-11 23:00:53,shadow,10,335.3263,-1.3247,-1.082,SL,
US.AAPL,2026-09-11 23:00:53,shadow,30,335.3313,-1.3296,-1.087,SL,
US.AAPL,2026-09-11 23:00:53,shadow,60,335.1364,-1.1366,-0.894,SL,
US.AAPL,2026-09-11 23:00:53,shadow,120,335.1465,-1.1466,-0.904,SL,
US.AAPL,2026-09-11 23:00:53,shadow,180,335.3663,-1.3643,-1.1216,SL,
US.AAPL,2026-09-11 23:00:53,shadow,300,335.5763,-1.5721,-1.3295,SL,
US.AAPL,2026-09-11 23:00:53,shadow,600,335.4564,-1.4535,-1.2108,SL,
