src,symbol,date,dir,t0,ref,sl,tp,exit_t
ringlog,HK.07709,2026-07-20,1,2026-07-20 10:21:21,51.7,49.5,56.0,2026-07-20 10:43:23
ringlog,HK.07709,2026-07-20,1,2026-07-20 11:09:49,52.0,49.5,56.0,2026-07-20 11:47:21
ringlog,HK.07709,2026-07-21,1,2026-07-21 11:27:27,57.5,56.5,,2026-07-21 11:50:32
ringlog,HK.00981,2026-07-21,1,2026-07-21 13:25:34,74.1,73.5,,2026-07-21 13:58:49
ringlog,HK.00981,2026-07-21,1,2026-07-21 14:47:10,76.6,76.1,,
ringlog,US.MU,2026-07-21,-1,2026-07-21 22:15:36,921.7,946.0,865.0,2026-07-21 22:45:33
ringlog,US.MU,2026-07-22,1,2026-07-22 23:13:04,972.0,966.0,982.0,
ringlog,HK.09988,2026-07-23,-1,2026-07-23 10:03:22,114.3,115.3,,2026-07-23 10:19:48
ringlog,HK.00981,2026-07-23,-1,2026-07-23 10:43:09,71.05,72.0,,2026-07-23 11:19:48
ringlog,US.MU,2026-07-23,1,2026-07-23 22:02:43,984.0,978.0,996.0,2026-07-23 22:13:13
ringlog,US.SOXS,2026-07-24,1,2026-07-24 21:54:25,49.38,47.5,52.0,
ringlog,US.SOXS,2026-07-24,1,2026-07-24 22:21:00,50.78,48.5,54.0,2026-07-28 23:47:47
ringlog,HK.00981,2026-07-27,-1,2026-07-27 09:45:24,69.0,70.2,,
ringlog,HK.01810,2026-07-27,1,2026-07-27 10:15:56,28.08,27.5,,2026-07-27 10:34:12
ringlog,HK.03690,2026-07-27,1,2026-07-27 10:52:52,90.3,88.5,,2026-07-27 11:01:54
ringlog,US.MU,2026-07-27,-1,2026-07-27 22:11:35,893.0,902.0,873.0,
ringlog,HK.00981,2026-07-28,-1,2026-07-28 15:34:33,68.65,69.5,,
ringlog,HK.07709,2026-07-29,1,2026-07-29 09:37:02,35.15,33.8,37.5,2026-07-29 09:43:14
ringlog,HK.00981,2026-07-29,-1,2026-07-29 10:05:51,65.75,67.0,63.0,
ringlog,HK.01810,2026-07-29,1,2026-07-29 10:50:25,31.54,30.5,33.0,
ringlog,HK.00981,2026-07-29,-1,2026-07-29 13:13:46,65.35,66.5,61.0,2026-08-05 10:44:44
ringlog,US.NVDA,2026-08-03,1,2026-08-03 22:04:02,86.0,199.5,,2026-08-03 22:28:26
ringlog,US.NVDA,2026-08-05,1,2026-08-05 22:15:19,221.96,221.0,226.0,2026-08-05 22:22:38
ringlog,US.MU,2026-08-06,1,2026-08-06 00:39:07,923.6,918.0,935.0,2026-08-06 01:10:45
ringlog,HK.00100,2026-08-06,1,2026-08-06 13:15:48,294.0,288.0,311.6,
ringlog,HK.00100,2026-08-07,1,2026-08-07 09:51:29,322.6,317.0,347.0,
ringlog,HK.02476,2026-08-07,1,2026-08-07 11:21:45,245.6,243.0,255.0,2026-08-07 11:28:58
ringlog,HK.03308,2026-08-12,-1,2026-08-12 13:45:43,1077.0,1090.0,1029.0,
shadow,HK.03308,2026-08-28,1,2026-08-28 10:09:42,1095.0,1085.0,1125.0,2026-08-28 10:11:04
shadow,HK.03690,2026-08-31,-1,2026-08-31 10:56:36,77.6,77.95,75.6,2026-08-31 11:15:02
shadow,HK.00100,2026-09-03,1,2026-09-03 11:25:10,360.0,358.0,368.0,2026-09-03 11:45:14
shadow,HK.03690,2026-09-04,1,2026-09-04 10:22:53,80.65,80.25,81.9,2026-09-04 10:24:06
shadow,HK.00100,2026-09-04,1,2026-09-04 10:44:32,389.2,385.8,410.0,2026-09-04 10:55:30
shadow,HK.06869,2026-09-04,-1,2026-09-04 11:07:19,162.0,163.0,158.5,2026-09-04 11:37:32
shadow,HK.00100,2026-09-07,1,2026-09-07 10:02:18,388.4,382.0,395.0,2026-09-07 10:21:10
shadow,HK.03308,2026-09-07,1,2026-09-07 10:11:37,1108.0,1098.0,1150.0,2026-09-07 10:34:44
shadow,HK.01888,2026-09-07,1,2026-09-07 10:52:28,47.2,47.0,48.0,2026-09-07 10:53:45
shadow,HK.03308,2026-09-07,1,2026-09-07 11:06:31,1127.0,1118.0,1150.0,2026-09-07 11:09:19
shadow,HK.00068,2026-09-07,1,2026-09-07 11:14:23,12.16,11.9,12.63,2026-09-07 11:37:57
shadow,HK.02899,2026-09-09,1,2026-09-09 11:21:40,37.44,37.38,37.8,2026-09-09 11:45:25
shadow,HK.01888,2026-09-10,1,2026-09-10 10:30:17,49.94,49.44,51.5,2026-09-10 10:48:24
shadow,US.META,2026-09-10,1,2026-09-10 22:27:23,654.58,651.9,663.4,2026-09-10 22:45:07
shadow,US.SOXL,2026-09-10,1,2026-09-10 22:33:14,117.4,116.1,120.5,2026-09-10 22:44:31
shadow,US.AMD,2026-09-10,1,2026-09-10 22:33:30,508.5,506.2,514.0,2026-09-10 23:09:31
shadow,US.SNDK,2026-09-10,1,2026-09-10 22:34:49,1705.0,1686.0,1733.0,2026-09-10 22:50:07
shadow,US.SNDK,2026-09-10,-1,2026-09-10 22:56:51,1693.5,1699.0,1685.0,2026-09-10 23:05:26
shadow,US.AAPL,2026-09-10,1,2026-09-10 23:02:03,322.47,321.2,326.5,2026-09-10 23:14:43
shadow,US.SKHY,2026-09-10,1,2026-09-10 23:16:08,191.5,190.5,193.5,2026-09-10 23:24:53
shadow,HK.01024,2026-09-11,1,2026-09-11 11:14:23,31.12,30.9,31.66,2026-09-11 12:18:03
shadow,US.BE,2026-09-11,-1,2026-09-11 22:52:04,271.45,274.6,267.5,2026-09-11 23:01:03
shadow,US.TQQQ,2026-09-11,-1,2026-09-11 22:54:53,70.87,71.15,70.3,2026-09-11 23:04:11
shadow,US.AAPL,2026-09-11,1,2026-09-11 23:00:53,335.19,334.18,338.0,2026-09-11 23:57:42
